fanfiction,series,reviews,favs,words,MainItemLink,MainItemText,ThisInstance,downloaded,arc_computed,lang
/s/9720211/1/The-Merging,Harry-Potter,5086,11740,420992,https://www.fanfiction.net/book/Harry-Potter/,Harry-Potter,/s/9720211/1/The-Merging,1,1,en
/s/11321032/1/The-Games-They-Play,Harry-Potter,4967,7022,242874,https://www.fanfiction.net/book/Harry-Potter/,Harry-Potter,/s/11321032/1/The-Games-They-Play,1,1,en
/s/11956922/1/Acceptance,Harry-Potter,1287,3679,184600,https://www.fanfiction.net/book/Harry-Potter/,Harry-Potter,/s/11956922/1/Acceptance,1,1,en
/s/10622306/1/The-Day-The-Dursleys-Came-To-Hogwarts,Harry-Potter,1247,2461,203488,https://www.fanfiction.net/book/Harry-Potter/,Harry-Potter,/s/10622306/1/The-Day-The-Dursleys-Came-To-Hogwarts,1,1,en
/s/13405869/1/Hermione-Granger-and-the-Paradigm-Shift,Harry-Potter,1227,3150,83780,https://www.fanfiction.net/book/Harry-Potter/,Harry-Potter,/s/13405869/1/Hermione-Granger-and-the-Paradigm-Shift,1,1,en
/s/13677220/1/Harry-Potter-and-the-Angry-Grim-Reaper,Harry-Potter,1124,2098,108055,https://www.fanfiction.net/book/Harry-Potter/,Harry-Potter,/s/13677220/1/Harry-Potter-and-the-Angry-Grim-Reaper,1,1,en
/s/1453812/1/A-Twisted-Sense-of-Fate,Harry-Potter,1121,226,104512,https://www.fanfiction.net/book/Harry-Potter/,Harry-Potter,/s/1453812/1/A-Twisted-Sense-of-Fate,1,0,en
/s/11863465/1/Lord-of-the-Wind,Harry-Potter,1116,1897,238358,https://www.fanfiction.net/book/Harry-Potter/,Harry-Potter,/s/11863465/1/Lord-of-the-Wind,1,1,en
/s/13160266/1/Basilisk-Eyes,Harry-Potter,917,927,495511,https://www.fanfiction.net/book/Harry-Potter/,Harry-Potter,/s/13160266/1/Basilisk-Eyes,1,1,en
/s/13713964/1/Harry-Potter-Unspeakable,Harry-Potter,910,1248,147966,https://www.fanfiction.net/book/Harry-Potter/,Harry-Potter,/s/13713964/1/Harry-Potter-Unspeakable,1,1,en
/s/13467415/1/Awakening,Harry-Potter,844,2837,58875,https://www.fanfiction.net/book/Harry-Potter/,Harry-Potter,/s/13467415/1/Awakening,1,1,en
/s/13566959/1/If-not-for-Umbridge,Harry-Potter,788,2269,150270,https://www.fanfiction.net/book/Harry-Potter/,Harry-Potter,/s/13566959/1/If-not-for-Umbridge,1,1,en
/s/13575326/1/It-s-Not-Just-A-Stick-A-Wand-Crafter-s-Story,Harry-Potter,754,1417,103577,https://www.fanfiction.net/book/Harry-Potter/,Harry-Potter,/s/13575326/1/It-s-Not-Just-A-Stick-A-Wand-Crafter-s-Story,1,1,en
/s/13478367/1/Harry-Potter-and-the-Inquisitor-of-Hogwarts,Harry-Potter,751,986,162973,https://www.fanfiction.net/book/Harry-Potter/,Harry-Potter,/s/13478367/1/Harry-Potter-and-the-Inquisitor-of-Hogwarts,1,1,en
/s/13667919/1/Future-Echoes,Harry-Potter,746,674,33240,https://www.fanfiction.net/book/Harry-Potter/,Harry-Potter,/s/13667919/1/Future-Echoes,1,1,en
/s/13640390/1/Magical-Creatures-Will-Get-Me-Killed-Again,Harry-Potter,677,1414,361310,https://www.fanfiction.net/book/Harry-Potter/,Harry-Potter,/s/13640390/1/Magical-Creatures-Will-Get-Me-Killed-Again,1,1,en
/s/13561400/1/Chamber-Girl,Harry-Potter,677,393,238713,https://www.fanfiction.net/book/Harry-Potter/,Harry-Potter,/s/13561400/1/Chamber-Girl,1,1,en
/s/13715486/1/A-Pinch-of-Salt-A-Dash-of-Magic,Harry-Potter,676,965,144958,https://www.fanfiction.net/book/Harry-Potter/,Harry-Potter,/s/13715486/1/A-Pinch-of-Salt-A-Dash-of-Magic,1,1,en
/s/13671901/1/A-Desperate-Vow,Harry-Potter,652,255,120986,https://www.fanfiction.net/book/Harry-Potter/,Harry-Potter,/s/13671901/1/A-Desperate-Vow,1,1,en
/s/11614457/1/His-Last-Wish,Harry-Potter,651,673,128907,https://www.fanfiction.net/book/Harry-Potter/,Harry-Potter,/s/11614457/1/His-Last-Wish,1,1,en
/s/13603112/1/Brontide,Harry-Potter,643,309,231604,https://www.fanfiction.net/book/Harry-Potter/,Harry-Potter,/s/13603112/1/Brontide,1,1,en
/s/13577616/1/Live-Forever,Harry-Potter,622,2082,39211,https://www.fanfiction.net/book/Harry-Potter/,Harry-Potter,/s/13577616/1/Live-Forever,1,1,en
/s/13563244/1/The-Choices-We-Made,Harry-Potter,617,370,580763,https://www.fanfiction.net/book/Harry-Potter/,Harry-Potter,/s/13563244/1/The-Choices-We-Made,1,1,en
/s/13262590/1/Playing-With-Fire,Harry-Potter,591,1340,103888,https://www.fanfiction.net/book/Harry-Potter/,Harry-Potter,/s/13262590/1/Playing-With-Fire,1,1,en
/s/5317822/1/Through-the-Keyhole,Harry-Potter,573,171,48543,https://www.fanfiction.net/book/Harry-Potter/,Harry-Potter,/s/5317822/1/Through-the-Keyhole,1,1,en
/s/13530429/1/Harry-Black-Book-3-The-SPIRE,Harry-Potter,570,1254,191926,https://www.fanfiction.net/book/Harry-Potter/,Harry-Potter,/s/13530429/1/Harry-Black-Book-3-The-SPIRE,1,1,en
/s/13312738/1/The-Granger-Principle,Harry-Potter,569,230,541220,https://www.fanfiction.net/book/Harry-Potter/,Harry-Potter,/s/13312738/1/The-Granger-Principle,1,1,en
/s/12531616/1/To-Be-Human,Harry-Potter,529,374,471508,https://www.fanfiction.net/book/Harry-Potter/,Harry-Potter,/s/12531616/1/To-Be-Human,1,1,en
/s/11774986/1/Rise-of-the-Dark-Lady-Hermione-adopted,Harry-Potter,500,1052,49636,https://www.fanfiction.net/book/Harry-Potter/,Harry-Potter,/s/11774986/1/Rise-of-the-Dark-Lady-Hermione-adopted,1,1,en
/s/12877029/1/Raising-Snape-Mischief-Managed,Harry-Potter,485,256,63441,https://www.fanfiction.net/book/Harry-Potter/,Harry-Potter,/s/12877029/1/Raising-Snape-Mischief-Managed,1,1,en
/s/5877406/1/A-Brief-History-of-Scorpius-Malfoy,Harry-Potter,476,488,70436,https://www.fanfiction.net/book/Harry-Potter/,Harry-Potter,/s/5877406/1/A-Brief-History-of-Scorpius-Malfoy,1,1,en
/s/13341726/1/Living-in-Secret,Harry-Potter,460,693,242198,https://www.fanfiction.net/book/Harry-Potter/,Harry-Potter,/s/13341726/1/Living-in-Secret,1,1,en
/s/13638849/1/Contagion,Harry-Potter,448,132,194155,https://www.fanfiction.net/book/Harry-Potter/,Harry-Potter,/s/13638849/1/Contagion,1,1,en
/s/11981275/1/Mastermind,Harry-Potter,358,289,31332,https://www.fanfiction.net/book/Harry-Potter/,Harry-Potter,/s/11981275/1/Mastermind,1,1,en
/s/13614583/1/The-Stand,Harry-Potter,352,501,94760,https://www.fanfiction.net/book/Harry-Potter/,Harry-Potter,/s/13614583/1/The-Stand,1,1,en
/s/11831350/1/Right-in-Front-of-Me-Book-1,Harry-Potter,341,814,129037,https://www.fanfiction.net/book/Harry-Potter/,Harry-Potter,/s/11831350/1/Right-in-Front-of-Me-Book-1,1,1,en
/s/13283930/1/The-Rogues,Harry-Potter,338,379,177871,https://www.fanfiction.net/book/Harry-Potter/,Harry-Potter,/s/13283930/1/The-Rogues,1,1,en
/s/12388994/1/Sev-book-1-Severus-Prince-and-the-Marauders,Harry-Potter,323,319,67224,https://www.fanfiction.net/book/Harry-Potter/,Harry-Potter,/s/12388994/1/Sev-book-1-Severus-Prince-and-the-Marauders,1,1,en
/s/8016893/1/I-Solemnly-Swear-Nothing-Good-Can-Come-From-This,Harry-Potter,320,267,27279,https://www.fanfiction.net/book/Harry-Potter/,Harry-Potter,/s/8016893/1/I-Solemnly-Swear-Nothing-Good-Can-Come-From-This,1,1,en
/s/4414091/1/To-Find-You-Again,Harry-Potter,316,256,45095,https://www.fanfiction.net/book/Harry-Potter/,Harry-Potter,/s/4414091/1/To-Find-You-Again,1,1,en
/s/12146422/1/Second-Time-Around,Harry-Potter,306,1114,14205,https://www.fanfiction.net/book/Harry-Potter/,Harry-Potter,/s/12146422/1/Second-Time-Around,1,1,en
/s/12124268/1/How-is-This-my-Life,Harry-Potter,293,1065,324655,https://www.fanfiction.net/book/Harry-Potter/,Harry-Potter,/s/12124268/1/How-is-This-my-Life,1,1,en
/s/10216145/1/Giving-up,Harry-Potter,275,1042,32645,https://www.fanfiction.net/book/Harry-Potter/,Harry-Potter,/s/10216145/1/Giving-up,1,1,en
/s/13150337/1/Just-Like-You,Harry-Potter,270,207,177911,https://www.fanfiction.net/book/Harry-Potter/,Harry-Potter,/s/13150337/1/Just-Like-You,1,1,en
/s/12703678/1/We-Can-Be-Heroes,Harry-Potter,258,161,328201,https://www.fanfiction.net/book/Harry-Potter/,Harry-Potter,/s/12703678/1/We-Can-Be-Heroes,1,1,en
/s/13677631/1/Emancipated-Minor-Harry-s-Independence,Harry-Potter,254,236,145207,https://www.fanfiction.net/book/Harry-Potter/,Harry-Potter,/s/13677631/1/Emancipated-Minor-Harry-s-Independence,1,1,en
/s/12686783/1/All-in-the-Family,Harry-Potter,253,161,221983,https://www.fanfiction.net/book/Harry-Potter/,Harry-Potter,/s/12686783/1/All-in-the-Family,1,1,en
/s/13375745/1/In-My-Dreams,Harry-Potter,248,506,259571,https://www.fanfiction.net/book/Harry-Potter/,Harry-Potter,/s/13375745/1/In-My-Dreams,1,1,en
/s/13490052/1/Hindsight,Harry-Potter,245,275,175283,https://www.fanfiction.net/book/Harry-Potter/,Harry-Potter,/s/13490052/1/Hindsight,1,1,en
/s/7389572/1/Expertise-in-Pyrotechnics,Harry-Potter,213,457,87378,https://www.fanfiction.net/book/Harry-Potter/,Harry-Potter,/s/7389572/1/Expertise-in-Pyrotechnics,1,1,en
/s/11716908/1/Ancient-School-of-Merlin,Harry-Potter,209,359,27243,https://www.fanfiction.net/book/Harry-Potter/,Harry-Potter,/s/11716908/1/Ancient-School-of-Merlin,1,1,en
/s/13648456/1/The-Once-and-Future-Prince,Harry-Potter,209,108,54380,https://www.fanfiction.net/book/Harry-Potter/,Harry-Potter,/s/13648456/1/The-Once-and-Future-Prince,1,1,en
/s/12087691/1/Sophistry-and-Dialectic,Harry-Potter,202,1116,22744,https://www.fanfiction.net/book/Harry-Potter/,Harry-Potter,/s/12087691/1/Sophistry-and-Dialectic,1,1,en
/s/12137113/1/Revealing-Perspectives,Harry-Potter,202,669,36386,https://www.fanfiction.net/book/Harry-Potter/,Harry-Potter,/s/12137113/1/Revealing-Perspectives,1,1,en
/s/13666381/1/A-Stack-of-Toast,Harry-Potter,202,274,67226,https://www.fanfiction.net/book/Harry-Potter/,Harry-Potter,/s/13666381/1/A-Stack-of-Toast,1,1,en
/s/13445023/1/Rita-s-Comeuppance,Harry-Potter,197,101,37256,https://www.fanfiction.net/book/Harry-Potter/,Harry-Potter,/s/13445023/1/Rita-s-Comeuppance,1,1,en
/s/11743651/1/How-the-Other-Half-Lives,Harry-Potter,193,225,87620,https://www.fanfiction.net/book/Harry-Potter/,Harry-Potter,/s/11743651/1/How-the-Other-Half-Lives,1,1,en
/s/11993578/1/The-Truth-Shall-Set-You-Free,Harry-Potter,190,461,38795,https://www.fanfiction.net/book/Harry-Potter/,Harry-Potter,/s/11993578/1/The-Truth-Shall-Set-You-Free,1,1,en
/s/13695896/1/What-if-Bella-met-Arthur-on-the-Hogwarts-Express,Harry-Potter,184,136,26078,https://www.fanfiction.net/book/Harry-Potter/,Harry-Potter,/s/13695896/1/What-if-Bella-met-Arthur-on-the-Hogwarts-Express,1,1,en
/s/12641171/1/Guardians,Harry-Potter,184,103,277048,https://www.fanfiction.net/book/Harry-Potter/,Harry-Potter,/s/12641171/1/Guardians,1,1,en
/s/13500230/1/Baby-s-Breath-Part-3-A-flower-that-survived-the-war,Harry-Potter,178,239,113417,https://www.fanfiction.net/book/Harry-Potter/,Harry-Potter,/s/13500230/1/Baby-s-Breath-Part-3-A-flower-that-survived-the-war,1,1,en
/s/13371141/1/All-Was-Well,Harry-Potter,176,105,62048,https://www.fanfiction.net/book/Harry-Potter/,Harry-Potter,/s/13371141/1/All-Was-Well,1,1,en
/s/13610174/1/Between-Brothers,Harry-Potter,171,118,172405,https://www.fanfiction.net/book/Harry-Potter/,Harry-Potter,/s/13610174/1/Between-Brothers,1,1,en
/s/13131947/1/Boy-Snape,Harry-Potter,167,180,43655,https://www.fanfiction.net/book/Harry-Potter/,Harry-Potter,/s/13131947/1/Boy-Snape,1,1,en
/s/13591558/1/Harry-and-Merope-to-the-Rescue,Harry-Potter,165,480,96843,https://www.fanfiction.net/book/Harry-Potter/,Harry-Potter,/s/13591558/1/Harry-and-Merope-to-the-Rescue,1,1,en
/s/13608177/1/Exceeds-Expectations,Harry-Potter,165,164,48786,https://www.fanfiction.net/book/Harry-Potter/,Harry-Potter,/s/13608177/1/Exceeds-Expectations,1,1,en
/s/13421340/1/Quite-the-Catch,Harry-Potter,162,159,48735,https://www.fanfiction.net/book/Harry-Potter/,Harry-Potter,/s/13421340/1/Quite-the-Catch,1,1,en
/s/13616583/1/Harry-Potter-and-the-Primogenitor-Plan,Harry-Potter,160,330,71575,https://www.fanfiction.net/book/Harry-Potter/,Harry-Potter,/s/13616583/1/Harry-Potter-and-the-Primogenitor-Plan,1,1,en
/s/11717773/1/All-s-Fair-in-Love-and-War,Harry-Potter,160,261,16793,https://www.fanfiction.net/book/Harry-Potter/,Harry-Potter,/s/11717773/1/All-s-Fair-in-Love-and-War,1,1,en
/s/13661373/1/Sing-a-Requiem,Harry-Potter,159,269,74761,https://www.fanfiction.net/book/Harry-Potter/,Harry-Potter,/s/13661373/1/Sing-a-Requiem,1,1,en
/s/8528098/1/Rainbow,Harry-Potter,148,159,44208,https://www.fanfiction.net/book/Harry-Potter/,Harry-Potter,/s/8528098/1/Rainbow,1,1,en
/s/13672523/1/The-Slytherin-Prince,Harry-Potter,141,234,80924,https://www.fanfiction.net/book/Harry-Potter/,Harry-Potter,/s/13672523/1/The-Slytherin-Prince,1,1,en
/s/11874719/1/JNCOFT-1-Just-Not-Cut-Out-for-Torture,Harry-Potter,133,236,61539,https://www.fanfiction.net/book/Harry-Potter/,Harry-Potter,/s/11874719/1/JNCOFT-1-Just-Not-Cut-Out-for-Torture,1,1,en
/s/12085137/1/Seven-Normal-years-of-Harry-the-Hufflepuff,Harry-Potter,130,587,69748,https://www.fanfiction.net/book/Harry-Potter/,Harry-Potter,/s/12085137/1/Seven-Normal-years-of-Harry-the-Hufflepuff,1,1,en
/s/11820536/1/Out-For-Blood-Year-One,Harry-Potter,130,475,34110,https://www.fanfiction.net/book/Harry-Potter/,Harry-Potter,/s/11820536/1/Out-For-Blood-Year-One,1,1,en
/s/13556859/1/Eeman,Harry-Potter,124,266,95345,https://www.fanfiction.net/book/Harry-Potter/,Harry-Potter,/s/13556859/1/Eeman,1,1,en
/s/11732653/1/Clueless,Harry-Potter,123,147,26043,https://www.fanfiction.net/book/Harry-Potter/,Harry-Potter,/s/11732653/1/Clueless,1,1,en
/s/12081909/1/Quietly,Harry-Potter,122,232,110934,https://www.fanfiction.net/book/Harry-Potter/,Harry-Potter,/s/12081909/1/Quietly,1,1,en
/s/11986362/1/I-ll-Stay,Harry-Potter,118,421,26611,https://www.fanfiction.net/book/Harry-Potter/,Harry-Potter,/s/11986362/1/I-ll-Stay,1,1,en
/s/13421895/1/Summer-Departure,Harry-Potter,118,298,39065,https://www.fanfiction.net/book/Harry-Potter/,Harry-Potter,/s/13421895/1/Summer-Departure,1,1,en
/s/13373488/1/The-Muggleborn-of-Slytherin,Harry-Potter,118,154,27485,https://www.fanfiction.net/book/Harry-Potter/,Harry-Potter,/s/13373488/1/The-Muggleborn-of-Slytherin,1,1,en
/s/11815381/1/Avoiding-the-Marriage-Law,Harry-Potter,117,176,36720,https://www.fanfiction.net/book/Harry-Potter/,Harry-Potter,/s/11815381/1/Avoiding-the-Marriage-Law,1,1,en
/s/13610506/1/Eternalism,Harry-Potter,110,125,136374,https://www.fanfiction.net/book/Harry-Potter/,Harry-Potter,/s/13610506/1/Eternalism,1,1,en
/s/13707263/1/Edelweiss,Harry-Potter,102,1051,19254,https://www.fanfiction.net/book/Harry-Potter/,Harry-Potter,/s/13707263/1/Edelweiss,1,1,en
/s/8605475/1/The-Lady-Of-The-Lake,Hunger-Games,1543,1904,211869,https://www.fanfiction.net/book/Hunger-Games/,Hunger-Games,/s/8605475/1/The-Lady-Of-The-Lake,1,1,en
/s/7984910/1/The-Little-Mockingjay,Hunger-Games,934,378,44208,https://www.fanfiction.net/book/Hunger-Games/,Hunger-Games,/s/7984910/1/The-Little-Mockingjay,1,1,en
/s/7904082/1/Fire-Is-Catching,Hunger-Games,745,811,30843,https://www.fanfiction.net/book/Hunger-Games/,Hunger-Games,/s/7904082/1/Fire-Is-Catching,1,1,en
/s/8297635/1/The-Fighter,Hunger-Games,674,605,112110,https://www.fanfiction.net/book/Hunger-Games/,Hunger-Games,/s/8297635/1/The-Fighter,1,1,en
/s/8661830/1/Spectator,Hunger-Games,547,393,199194,https://www.fanfiction.net/book/Hunger-Games/,Hunger-Games,/s/8661830/1/Spectator,1,1,en
/s/10208218/1/Unexpected,Hunger-Games,427,112,475266,https://www.fanfiction.net/book/Hunger-Games/,Hunger-Games,/s/10208218/1/Unexpected,1,1,en
/s/8451263/1/Stay-With-Me,Hunger-Games,422,129,110259,https://www.fanfiction.net/book/Hunger-Games/,Hunger-Games,/s/8451263/1/Stay-With-Me,1,1,en
/s/11366538/1/The-Dandelion-in-Spring,Hunger-Games,420,142,91111,https://www.fanfiction.net/book/Hunger-Games/,Hunger-Games,/s/11366538/1/The-Dandelion-in-Spring,1,1,en
/s/10947118/1/A-Softer-Place-to-Land,Hunger-Games,377,216,92075,https://www.fanfiction.net/book/Hunger-Games/,Hunger-Games,/s/10947118/1/A-Softer-Place-to-Land,1,1,en
/s/7762328/1/Like-Father-like-Daughter,Hunger-Games,353,107,30060,https://www.fanfiction.net/book/Hunger-Games/,Hunger-Games,/s/7762328/1/Like-Father-like-Daughter,1,1,en
/s/11168890/1/Boundless-As-The-Plains,Hunger-Games,324,149,68098,https://www.fanfiction.net/book/Hunger-Games/,Hunger-Games,/s/11168890/1/Boundless-As-The-Plains,1,1,en
/s/8276941/1/Into-the-Woods,Hunger-Games,314,135,86662,https://www.fanfiction.net/book/Hunger-Games/,Hunger-Games,/s/8276941/1/Into-the-Woods,1,1,en
/s/10137178/1/Littlest-Victor,Hunger-Games,311,144,52954,https://www.fanfiction.net/book/Hunger-Games/,Hunger-Games,/s/10137178/1/Littlest-Victor,1,1,en
/s/10301787/1/Renaissance,Hunger-Games,310,202,262547,https://www.fanfiction.net/book/Hunger-Games/,Hunger-Games,/s/10301787/1/Renaissance,1,1,en
/s/6400809/1/Resistance,Hunger-Games,285,154,32179,https://www.fanfiction.net/book/Hunger-Games/,Hunger-Games,/s/6400809/1/Resistance,1,1,en
/s/6717381/1/Effie-Haymitch-Always-My-Sweetheart,Hunger-Games,274,118,85424,https://www.fanfiction.net/book/Hunger-Games/,Hunger-Games,/s/6717381/1/Effie-Haymitch-Always-My-Sweetheart,1,1,en
/s/10602244/1/The-Last-Tribute,Hunger-Games,271,354,120836,https://www.fanfiction.net/book/Hunger-Games/,Hunger-Games,/s/10602244/1/The-Last-Tribute,1,1,en
/s/10898355/1/It-Takes-A-District,Hunger-Games,234,252,55678,https://www.fanfiction.net/book/Hunger-Games/,Hunger-Games,/s/10898355/1/It-Takes-A-District,1,1,en
/s/8653254/1/The-Deep-Blue,Hunger-Games,224,113,180011,https://www.fanfiction.net/book/Hunger-Games/,Hunger-Games,/s/8653254/1/The-Deep-Blue,1,1,en
/s/9192158/1/Vox-Libertas,Hunger-Games,211,123,185200,https://www.fanfiction.net/book/Hunger-Games/,Hunger-Games,/s/9192158/1/Vox-Libertas,1,1,en
/s/9596607/1/Half-Breed,Hunger-Games,210,110,26328,https://www.fanfiction.net/book/Hunger-Games/,Hunger-Games,/s/9596607/1/Half-Breed,1,1,en
/s/11044292/1/The-Pearl,Hunger-Games,203,143,76631,https://www.fanfiction.net/book/Hunger-Games/,Hunger-Games,/s/11044292/1/The-Pearl,1,1,en
/s/8031000/1/Prodded-to-Drown,Hunger-Games,196,174,90393,https://www.fanfiction.net/book/Hunger-Games/,Hunger-Games,/s/8031000/1/Prodded-to-Drown,1,1,en
/s/11393558/1/A-Hot-Mess,Hunger-Games,193,109,33835,https://www.fanfiction.net/book/Hunger-Games/,Hunger-Games,/s/11393558/1/A-Hot-Mess,1,1,en
/s/11191394/1/Kindred,Hunger-Games,189,205,63286,https://www.fanfiction.net/book/Hunger-Games/,Hunger-Games,/s/11191394/1/Kindred,1,1,en
/s/10813593/1/Significant-Other,Hunger-Games,173,189,30241,https://www.fanfiction.net/book/Hunger-Games/,Hunger-Games,/s/10813593/1/Significant-Other,1,1,en
/s/12380688/1/Reignition,Hunger-Games,167,272,201181,https://www.fanfiction.net/book/Hunger-Games/,Hunger-Games,/s/12380688/1/Reignition,1,1,en
/s/10568266/1/Mockingjay-Katniss-Hijacking,Hunger-Games,154,180,91410,https://www.fanfiction.net/book/Hunger-Games/,Hunger-Games,/s/10568266/1/Mockingjay-Katniss-Hijacking,1,1,en
/s/9111656/1/Invisible-To-the-Touch,Hunger-Games,153,104,30413,https://www.fanfiction.net/book/Hunger-Games/,Hunger-Games,/s/9111656/1/Invisible-To-the-Touch,1,1,en
/s/9587381/1/A-Far-Worse-Game-To-Play,Hunger-Games,150,125,143026,https://www.fanfiction.net/book/Hunger-Games/,Hunger-Games,/s/9587381/1/A-Far-Worse-Game-To-Play,1,1,en
/s/11153840/1/Fidelity,Hunger-Games,146,156,37207,https://www.fanfiction.net/book/Hunger-Games/,Hunger-Games,/s/11153840/1/Fidelity,1,1,en
/s/8862456/1/The-Golden-Mean,Hunger-Games,146,138,146139,https://www.fanfiction.net/book/Hunger-Games/,Hunger-Games,/s/8862456/1/The-Golden-Mean,1,1,en
/s/11190550/1/The-Dating-Game,Hunger-Games,142,153,67441,https://www.fanfiction.net/book/Hunger-Games/,Hunger-Games,/s/11190550/1/The-Dating-Game,1,1,en
/s/11667859/1/Running-Out-Of-Time,Hunger-Games,142,111,24043,https://www.fanfiction.net/book/Hunger-Games/,Hunger-Games,/s/11667859/1/Running-Out-Of-Time,1,1,en
/s/10874783/1/The-Boy-With-the-Bread,Hunger-Games,140,163,75615,https://www.fanfiction.net/book/Hunger-Games/,Hunger-Games,/s/10874783/1/The-Boy-With-the-Bread,1,1,en
/s/7748043/1/Panem-Academy,Hunger-Games,132,115,18546,https://www.fanfiction.net/book/Hunger-Games/,Hunger-Games,/s/7748043/1/Panem-Academy,1,1,en
/s/11284758/1/Your-Hand-in-Mine,Hunger-Games,130,209,29571,https://www.fanfiction.net/book/Hunger-Games/,Hunger-Games,/s/11284758/1/Your-Hand-in-Mine,1,1,en
/s/10690823/1/All-That-The-Light-Touches,Hunger-Games,127,138,108813,https://www.fanfiction.net/book/Hunger-Games/,Hunger-Games,/s/10690823/1/All-That-The-Light-Touches,1,1,en
/s/11377428/1/A-Redo-In-Time,Hunger-Games,123,362,60905,https://www.fanfiction.net/book/Hunger-Games/,Hunger-Games,/s/11377428/1/A-Redo-In-Time,1,1,en
/s/11115221/1/A-Million-Ways-to-be-Happy,Hunger-Games,122,129,120839,https://www.fanfiction.net/book/Hunger-Games/,Hunger-Games,/s/11115221/1/A-Million-Ways-to-be-Happy,1,1,en
/s/10174862/1/Whatever-Happens-Here,Hunger-Games,116,195,125962,https://www.fanfiction.net/book/Hunger-Games/,Hunger-Games,/s/10174862/1/Whatever-Happens-Here,1,1,en
/s/10409069/1/The-True-Story,Hunger-Games,110,103,70758,https://www.fanfiction.net/book/Hunger-Games/,Hunger-Games,/s/10409069/1/The-True-Story,1,1,en
/s/11102828/1/Flying-Solo,Hunger-Games,102,219,36997,https://www.fanfiction.net/book/Hunger-Games/,Hunger-Games,/s/11102828/1/Flying-Solo,1,1,en
/s/10725535/1/Kingsfoil,Lord-of-the-Rings,2363,782,248931,https://www.fanfiction.net/book/Lord-of-the-Rings/,Lord-of-the-Rings,/s/10725535/1/Kingsfoil,1,1,en
/s/10196637/1/The-Accidental-Arrival-of-Lauren-Harris,Lord-of-the-Rings,1514,1648,311839,https://www.fanfiction.net/book/Lord-of-the-Rings/,Lord-of-the-Rings,/s/10196637/1/The-Accidental-Arrival-of-Lauren-Harris,1,1,en
/s/6024634/1/Home-with-the-Fairies,Lord-of-the-Rings,1455,2404,255903,https://www.fanfiction.net/book/Lord-of-the-Rings/,Lord-of-the-Rings,/s/6024634/1/Home-with-the-Fairies,1,1,en
/s/10742467/1/War-of-Elves,Lord-of-the-Rings,1331,329,254173,https://www.fanfiction.net/book/Lord-of-the-Rings/,Lord-of-the-Rings,/s/10742467/1/War-of-Elves,1,1,en
/s/5457410/1/A-Long-and-Weary-Way,Lord-of-the-Rings,1173,299,445257,https://www.fanfiction.net/book/Lord-of-the-Rings/,Lord-of-the-Rings,/s/5457410/1/A-Long-and-Weary-Way,1,1,en
/s/12908492/1/Little-Moments,Lord-of-the-Rings,1140,185,117967,https://www.fanfiction.net/book/Lord-of-the-Rings/,Lord-of-the-Rings,/s/12908492/1/Little-Moments,1,1,en
/s/11628108/1/The-Silvan,Lord-of-the-Rings,1113,288,300282,https://www.fanfiction.net/book/Lord-of-the-Rings/,Lord-of-the-Rings,/s/11628108/1/The-Silvan,1,1,en
/s/3006000/1/Teach-Me-To-Live,Lord-of-the-Rings,847,656,158231,https://www.fanfiction.net/book/Lord-of-the-Rings/,Lord-of-the-Rings,/s/3006000/1/Teach-Me-To-Live,1,1,en
/s/9277839/1/Wanderlust,Lord-of-the-Rings,778,287,69806,https://www.fanfiction.net/book/Lord-of-the-Rings/,Lord-of-the-Rings,/s/9277839/1/Wanderlust,1,1,en
/s/7519472/1/The-Ugly-Duckling-of-Dol-Amroth,Lord-of-the-Rings,761,582,136920,https://www.fanfiction.net/book/Lord-of-the-Rings/,Lord-of-the-Rings,/s/7519472/1/The-Ugly-Duckling-of-Dol-Amroth,1,1,en
/s/10994727/1/Lapsus-Memoriae-R%C3%A1vam%C3%AB-s-Bane-Book-1,Lord-of-the-Rings,678,1733,180597,https://www.fanfiction.net/book/Lord-of-the-Rings/,Lord-of-the-Rings,/s/10994727/1/Lapsus-Memoriae-R%C3%A1vam%C3%AB-s-Bane-Book-1,1,1,en
/s/11440590/1/My-Name-is-Elanor-Get-me-out-of-here,Lord-of-the-Rings,584,473,226173,https://www.fanfiction.net/book/Lord-of-the-Rings/,Lord-of-the-Rings,/s/11440590/1/My-Name-is-Elanor-Get-me-out-of-here,1,1,en
/s/13342539/1/Out-of-Mirkwood,Lord-of-the-Rings,570,130,161392,https://www.fanfiction.net/book/Lord-of-the-Rings/,Lord-of-the-Rings,/s/13342539/1/Out-of-Mirkwood,1,1,en
/s/9753461/1/Glow-of-Dawn,Lord-of-the-Rings,568,1616,126344,https://www.fanfiction.net/book/Lord-of-the-Rings/,Lord-of-the-Rings,/s/9753461/1/Glow-of-Dawn,1,1,en
/s/9023350/1/Returning-Home,Lord-of-the-Rings,539,287,132587,https://www.fanfiction.net/book/Lord-of-the-Rings/,Lord-of-the-Rings,/s/9023350/1/Returning-Home,1,1,en
/s/12048136/1/A-Face-in-the-Crowd,Lord-of-the-Rings,537,256,327788,https://www.fanfiction.net/book/Lord-of-the-Rings/,Lord-of-the-Rings,/s/12048136/1/A-Face-in-the-Crowd,1,1,en
/s/7865689/1/Even-This-Darkness-Must-Pass,Lord-of-the-Rings,420,296,144288,https://www.fanfiction.net/book/Lord-of-the-Rings/,Lord-of-the-Rings,/s/7865689/1/Even-This-Darkness-Must-Pass,1,1,en
/s/13108815/1/The-R%C3%B3ment%C3%A1ri,Lord-of-the-Rings,395,286,224157,https://www.fanfiction.net/book/Lord-of-the-Rings/,Lord-of-the-Rings,/s/13108815/1/The-R%C3%B3ment%C3%A1ri,1,1,en
/s/11095891/1/Silent-Flower-of-Song-Book-One-Setting-the-Chessboard,Lord-of-the-Rings,376,408,106326,https://www.fanfiction.net/book/Lord-of-the-Rings/,Lord-of-the-Rings,/s/11095891/1/Silent-Flower-of-Song-Book-One-Setting-the-Chessboard,1,1,en
/s/13392289/1/Your-Light-in-the-Dark,Lord-of-the-Rings,370,121,131931,https://www.fanfiction.net/book/Lord-of-the-Rings/,Lord-of-the-Rings,/s/13392289/1/Your-Light-in-the-Dark,1,1,en
/s/11903187/1/Smoke-Mirrors,Lord-of-the-Rings,361,305,65347,https://www.fanfiction.net/book/Lord-of-the-Rings/,Lord-of-the-Rings,/s/11903187/1/Smoke-Mirrors,1,1,en
/s/13058755/1/And-Every-Winter-Change-To-Spring,Lord-of-the-Rings,355,235,141375,https://www.fanfiction.net/book/Lord-of-the-Rings/,Lord-of-the-Rings,/s/13058755/1/And-Every-Winter-Change-To-Spring,1,1,en
/s/11579653/1/A-New-Life,Lord-of-the-Rings,344,221,65100,https://www.fanfiction.net/book/Lord-of-the-Rings/,Lord-of-the-Rings,/s/11579653/1/A-New-Life,1,1,en
/s/11808499/1/In-a-Field-of-Blood-and-Stone,Lord-of-the-Rings,314,117,127924,https://www.fanfiction.net/book/Lord-of-the-Rings/,Lord-of-the-Rings,/s/11808499/1/In-a-Field-of-Blood-and-Stone,1,1,en
/s/11718369/1/None-Of-The-Usual-Inducements,Lord-of-the-Rings,285,129,117584,https://www.fanfiction.net/book/Lord-of-the-Rings/,Lord-of-the-Rings,/s/11718369/1/None-Of-The-Usual-Inducements,1,1,en
/s/10628611/1/Elleth-of-Light,Lord-of-the-Rings,267,328,179821,https://www.fanfiction.net/book/Lord-of-the-Rings/,Lord-of-the-Rings,/s/10628611/1/Elleth-of-Light,1,1,en
/s/3850349/1/The-Lion-and-his-Lady,Lord-of-the-Rings,262,294,46220,https://www.fanfiction.net/book/Lord-of-the-Rings/,Lord-of-the-Rings,/s/3850349/1/The-Lion-and-his-Lady,1,1,en
/s/6217465/1/The-Living-Death,Lord-of-the-Rings,252,318,202882,https://www.fanfiction.net/book/Lord-of-the-Rings/,Lord-of-the-Rings,/s/6217465/1/The-Living-Death,1,1,en
/s/11794620/1/Stars-of-Varda,Lord-of-the-Rings,250,318,84707,https://www.fanfiction.net/book/Lord-of-the-Rings/,Lord-of-the-Rings,/s/11794620/1/Stars-of-Varda,1,1,en
/s/12110198/1/So-Not-Happening,Lord-of-the-Rings,242,217,90767,https://www.fanfiction.net/book/Lord-of-the-Rings/,Lord-of-the-Rings,/s/12110198/1/So-Not-Happening,1,1,en
/s/8153427/1/The-Changing-Destinies-Series-Book-One,Lord-of-the-Rings,241,281,109622,https://www.fanfiction.net/book/Lord-of-the-Rings/,Lord-of-the-Rings,/s/8153427/1/The-Changing-Destinies-Series-Book-One,1,1,en
/s/12324808/1/The-Foundling-Prince,Lord-of-the-Rings,231,124,84595,https://www.fanfiction.net/book/Lord-of-the-Rings/,Lord-of-the-Rings,/s/12324808/1/The-Foundling-Prince,1,1,en
/s/11461737/1/The-Hands-of-a-Healer,Lord-of-the-Rings,230,121,42663,https://www.fanfiction.net/book/Lord-of-the-Rings/,Lord-of-the-Rings,/s/11461737/1/The-Hands-of-a-Healer,1,1,en
/s/9049971/1/Lady-of-the-Seraphs,Lord-of-the-Rings,229,144,192032,https://www.fanfiction.net/book/Lord-of-the-Rings/,Lord-of-the-Rings,/s/9049971/1/Lady-of-the-Seraphs,1,1,en
/s/12101552/1/Seeds-of-the-White-Tree,Lord-of-the-Rings,228,102,211463,https://www.fanfiction.net/book/Lord-of-the-Rings/,Lord-of-the-Rings,/s/12101552/1/Seeds-of-the-White-Tree,1,1,en
/s/10700834/1/Valiant,Lord-of-the-Rings,227,130,73533,https://www.fanfiction.net/book/Lord-of-the-Rings/,Lord-of-the-Rings,/s/10700834/1/Valiant,1,1,en
/s/8948505/1/Brothers-Hurt-and-Elrond-s-Pains,Lord-of-the-Rings,223,288,50493,https://www.fanfiction.net/book/Lord-of-the-Rings/,Lord-of-the-Rings,/s/8948505/1/Brothers-Hurt-and-Elrond-s-Pains,1,1,en
/s/9653859/1/The-Choice,Lord-of-the-Rings,219,377,100225,https://www.fanfiction.net/book/Lord-of-the-Rings/,Lord-of-the-Rings,/s/9653859/1/The-Choice,1,1,en
/s/12519088/1/Resilience,Lord-of-the-Rings,219,122,111948,https://www.fanfiction.net/book/Lord-of-the-Rings/,Lord-of-the-Rings,/s/12519088/1/Resilience,1,1,en
/s/8760404/1/Daughter-of-Mirkwood,Lord-of-the-Rings,210,672,83817,https://www.fanfiction.net/book/Lord-of-the-Rings/,Lord-of-the-Rings,/s/8760404/1/Daughter-of-Mirkwood,1,1,en
/s/12877155/1/A-Chance-to-Show-His-Quality,Lord-of-the-Rings,207,148,165397,https://www.fanfiction.net/book/Lord-of-the-Rings/,Lord-of-the-Rings,/s/12877155/1/A-Chance-to-Show-His-Quality,1,1,en
/s/10827336/1/Guardian-of-the-D%C3%BAnedain,Lord-of-the-Rings,199,853,224706,https://www.fanfiction.net/book/Lord-of-the-Rings/,Lord-of-the-Rings,/s/10827336/1/Guardian-of-the-D%C3%BAnedain,1,1,en
/s/10886532/1/The-Adventures-of-a-Life-Time,Lord-of-the-Rings,193,106,66921,https://www.fanfiction.net/book/Lord-of-the-Rings/,Lord-of-the-Rings,/s/10886532/1/The-Adventures-of-a-Life-Time,1,1,en
/s/11563361/1/N%C3%AAl-Muinthil,Lord-of-the-Rings,190,251,180263,https://www.fanfiction.net/book/Lord-of-the-Rings/,Lord-of-the-Rings,/s/11563361/1/N%C3%AAl-Muinthil,1,1,en
/s/11663330/1/Now-and-for-Always,Lord-of-the-Rings,188,131,38957,https://www.fanfiction.net/book/Lord-of-the-Rings/,Lord-of-the-Rings,/s/11663330/1/Now-and-for-Always,1,1,en
/s/11181216/1/Currents-of-Time,Lord-of-the-Rings,184,113,123581,https://www.fanfiction.net/book/Lord-of-the-Rings/,Lord-of-the-Rings,/s/11181216/1/Currents-of-Time,1,1,en
/s/12780463/1/A-Shield-of-Stars,Lord-of-the-Rings,182,520,125039,https://www.fanfiction.net/book/Lord-of-the-Rings/,Lord-of-the-Rings,/s/12780463/1/A-Shield-of-Stars,1,1,en
/s/4941900/1/Marks-of-Time,Lord-of-the-Rings,182,164,129984,https://www.fanfiction.net/book/Lord-of-the-Rings/,Lord-of-the-Rings,/s/4941900/1/Marks-of-Time,1,1,en
/s/11999106/1/The-Hands-of-the-King,Lord-of-the-Rings,175,128,36968,https://www.fanfiction.net/book/Lord-of-the-Rings/,Lord-of-the-Rings,/s/11999106/1/The-Hands-of-the-King,1,1,en
/s/10120230/1/To-Be-Willing-DISCONTINUED,Lord-of-the-Rings,174,259,64105,https://www.fanfiction.net/book/Lord-of-the-Rings/,Lord-of-the-Rings,/s/10120230/1/To-Be-Willing-DISCONTINUED,1,1,en
/s/11289318/1/Waking-Dreams-Book-1,Lord-of-the-Rings,173,208,114133,https://www.fanfiction.net/book/Lord-of-the-Rings/,Lord-of-the-Rings,/s/11289318/1/Waking-Dreams-Book-1,1,1,en
/s/12419448/1/A-Promise-Lives-Within,Lord-of-the-Rings,173,115,112069,https://www.fanfiction.net/book/Lord-of-the-Rings/,Lord-of-the-Rings,/s/12419448/1/A-Promise-Lives-Within,1,1,en
/s/13397826/1/Prescient,Lord-of-the-Rings,164,172,36759,https://www.fanfiction.net/book/Lord-of-the-Rings/,Lord-of-the-Rings,/s/13397826/1/Prescient,1,1,en
/s/7527065/1/Golden-Sun-Silver-Moon,Lord-of-the-Rings,157,181,29398,https://www.fanfiction.net/book/Lord-of-the-Rings/,Lord-of-the-Rings,/s/7527065/1/Golden-Sun-Silver-Moon,1,1,en
/s/12473285/1/All-Who-Wander-Are-Not-Lost,Lord-of-the-Rings,154,444,287569,https://www.fanfiction.net/book/Lord-of-the-Rings/,Lord-of-the-Rings,/s/12473285/1/All-Who-Wander-Are-Not-Lost,1,1,en
/s/10058392/1/Innocence-s-journey,Lord-of-the-Rings,152,129,231630,https://www.fanfiction.net/book/Lord-of-the-Rings/,Lord-of-the-Rings,/s/10058392/1/Innocence-s-journey,1,1,en
/s/11952967/1/Thief-in-the-Night,Lord-of-the-Rings,151,607,63897,https://www.fanfiction.net/book/Lord-of-the-Rings/,Lord-of-the-Rings,/s/11952967/1/Thief-in-the-Night,1,1,en
/s/10651451/1/The-Other-Ranger,Lord-of-the-Rings,147,116,138720,https://www.fanfiction.net/book/Lord-of-the-Rings/,Lord-of-the-Rings,/s/10651451/1/The-Other-Ranger,1,1,en
/s/8251014/1/The-Changing-Destinies-Series-Book-Two,Lord-of-the-Rings,145,110,134168,https://www.fanfiction.net/book/Lord-of-the-Rings/,Lord-of-the-Rings,/s/8251014/1/The-Changing-Destinies-Series-Book-Two,1,1,en
/s/11237996/1/Learning-to-Laugh,Lord-of-the-Rings,137,233,90473,https://www.fanfiction.net/book/Lord-of-the-Rings/,Lord-of-the-Rings,/s/11237996/1/Learning-to-Laugh,1,1,en
/s/13013310/1/Darkest-Before-Dawn,Lord-of-the-Rings,132,450,64897,https://www.fanfiction.net/book/Lord-of-the-Rings/,Lord-of-the-Rings,/s/13013310/1/Darkest-Before-Dawn,1,1,en
/s/12891688/1/The-Halls-of-My-Home,Lord-of-the-Rings,131,144,54090,https://www.fanfiction.net/book/Lord-of-the-Rings/,Lord-of-the-Rings,/s/12891688/1/The-Halls-of-My-Home,1,1,en
/s/12031754/1/Reviving-Loth%C3%ADriel,Lord-of-the-Rings,125,136,56371,https://www.fanfiction.net/book/Lord-of-the-Rings/,Lord-of-the-Rings,/s/12031754/1/Reviving-Loth%C3%ADriel,1,1,en
/s/12398711/1/Bones,Lord-of-the-Rings,122,131,34533,https://www.fanfiction.net/book/Lord-of-the-Rings/,Lord-of-the-Rings,/s/12398711/1/Bones,1,1,en
/s/11822003/1/Changing-History-Calenhiril-s-Search,Lord-of-the-Rings,121,174,117887,https://www.fanfiction.net/book/Lord-of-the-Rings/,Lord-of-the-Rings,/s/11822003/1/Changing-History-Calenhiril-s-Search,1,1,en
/s/10804684/1/Always-Alone,Lord-of-the-Rings,119,488,61091,https://www.fanfiction.net/book/Lord-of-the-Rings/,Lord-of-the-Rings,/s/10804684/1/Always-Alone,1,1,en
/s/12363654/1/The-Shadow-Hunter,Lord-of-the-Rings,117,284,201575,https://www.fanfiction.net/book/Lord-of-the-Rings/,Lord-of-the-Rings,/s/12363654/1/The-Shadow-Hunter,1,1,en
/s/11250201/1/Deluge,Lord-of-the-Rings,112,120,70380,https://www.fanfiction.net/book/Lord-of-the-Rings/,Lord-of-the-Rings,/s/11250201/1/Deluge,1,1,en
/s/12745382/1/A-Shred-of-Honor,Lord-of-the-Rings,103,155,137062,https://www.fanfiction.net/book/Lord-of-the-Rings/,Lord-of-the-Rings,/s/12745382/1/A-Shred-of-Honor,1,1,en
/s/11490918/1/Tailings-and-Tales,Lord-of-the-Rings,101,127,31291,https://www.fanfiction.net/book/Lord-of-the-Rings/,Lord-of-the-Rings,/s/11490918/1/Tailings-and-Tales,1,1,en
/s/9994056/1/Heart-By-Heart,Percy-Jackson-and-the-Olympians,2963,2466,134346,https://www.fanfiction.net/book/Percy-Jackson-and-the-Olympians/,Percy-Jackson-and-the-Olympians,/s/9994056/1/Heart-By-Heart,1,1,en
/s/10958522/1/The-Plea-of-Apollo-many-Solangelo-one-shots,Percy-Jackson-and-the-Olympians,1638,1013,167629,https://www.fanfiction.net/book/Percy-Jackson-and-the-Olympians/,Percy-Jackson-and-the-Olympians,/s/10958522/1/The-Plea-of-Apollo-many-Solangelo-one-shots,1,1,en
/s/11716886/1/Ask-the-Demigods,Percy-Jackson-and-the-Olympians,894,116,45105,https://www.fanfiction.net/book/Percy-Jackson-and-the-Olympians/,Percy-Jackson-and-the-Olympians,/s/11716886/1/Ask-the-Demigods,1,1,en
/s/13570201/1/Avatar-Legend-of-Percy,Percy-Jackson-and-the-Olympians,776,1051,193731,https://www.fanfiction.net/book/Percy-Jackson-and-the-Olympians/,Percy-Jackson-and-the-Olympians,/s/13570201/1/Avatar-Legend-of-Percy,1,1,en
/s/10759501/1/A-Crown-of-Golden-Leaves,Percy-Jackson-and-the-Olympians,706,550,281510,https://www.fanfiction.net/book/Percy-Jackson-and-the-Olympians/,Percy-Jackson-and-the-Olympians,/s/10759501/1/A-Crown-of-Golden-Leaves,1,1,en
/s/13527791/1/Love-is-Easy,Percy-Jackson-and-the-Olympians,674,222,127613,https://www.fanfiction.net/book/Percy-Jackson-and-the-Olympians/,Percy-Jackson-and-the-Olympians,/s/13527791/1/Love-is-Easy,1,1,en
/s/12906630/1/Percy-Went-Where,Percy-Jackson-and-the-Olympians,606,849,157740,https://www.fanfiction.net/book/Percy-Jackson-and-the-Olympians/,Percy-Jackson-and-the-Olympians,/s/12906630/1/Percy-Went-Where,1,1,en
/s/7858055/1/But-I-Often-See-You-As-Something-More,Percy-Jackson-and-the-Olympians,597,319,225400,https://www.fanfiction.net/book/Percy-Jackson-and-the-Olympians/,Percy-Jackson-and-the-Olympians,/s/7858055/1/But-I-Often-See-You-As-Something-More,1,1,en
/s/5732956/1/Complicated,Percy-Jackson-and-the-Olympians,521,188,50615,https://www.fanfiction.net/book/Percy-Jackson-and-the-Olympians/,Percy-Jackson-and-the-Olympians,/s/5732956/1/Complicated,1,1,en
/s/10105115/1/Tamers-of-the-Sea,Percy-Jackson-and-the-Olympians,512,486,182092,https://www.fanfiction.net/book/Percy-Jackson-and-the-Olympians/,Percy-Jackson-and-the-Olympians,/s/10105115/1/Tamers-of-the-Sea,1,1,en
/s/10615604/1/The-Guardian-s-Bane,Percy-Jackson-and-the-Olympians,444,1312,65775,https://www.fanfiction.net/book/Percy-Jackson-and-the-Olympians/,Percy-Jackson-and-the-Olympians,/s/10615604/1/The-Guardian-s-Bane,1,1,en
/s/13611469/1/More-Than-True,Percy-Jackson-and-the-Olympians,390,150,114311,https://www.fanfiction.net/book/Percy-Jackson-and-the-Olympians/,Percy-Jackson-and-the-Olympians,/s/13611469/1/More-Than-True,1,1,en
/s/13592121/1/Flipping-the-Hourglass,Percy-Jackson-and-the-Olympians,356,904,62345,https://www.fanfiction.net/book/Percy-Jackson-and-the-Olympians/,Percy-Jackson-and-the-Olympians,/s/13592121/1/Flipping-the-Hourglass,1,1,en
/s/7586367/1/Joker,Percy-Jackson-and-the-Olympians,317,150,108766,https://www.fanfiction.net/book/Percy-Jackson-and-the-Olympians/,Percy-Jackson-and-the-Olympians,/s/7586367/1/Joker,1,1,en
/s/11321576/1/One-Day-A-Week,Percy-Jackson-and-the-Olympians,309,188,280250,https://www.fanfiction.net/book/Percy-Jackson-and-the-Olympians/,Percy-Jackson-and-the-Olympians,/s/11321576/1/One-Day-A-Week,1,1,en
/s/13654118/1/The-Tale-of-Perseus-Beginnings,Percy-Jackson-and-the-Olympians,303,438,162354,https://www.fanfiction.net/book/Percy-Jackson-and-the-Olympians/,Percy-Jackson-and-the-Olympians,/s/13654118/1/The-Tale-of-Perseus-Beginnings,1,1,en
/s/13443857/1/Perseus-God-of-tides-and-childhood,Percy-Jackson-and-the-Olympians,278,664,129061,https://www.fanfiction.net/book/Percy-Jackson-and-the-Olympians/,Percy-Jackson-and-the-Olympians,/s/13443857/1/Perseus-God-of-tides-and-childhood,1,1,en
/s/13592626/1/Chariot,Percy-Jackson-and-the-Olympians,271,106,133595,https://www.fanfiction.net/book/Percy-Jackson-and-the-Olympians/,Percy-Jackson-and-the-Olympians,/s/13592626/1/Chariot,1,1,en
/s/13604679/1/In-the-Shadows-of-Men,Percy-Jackson-and-the-Olympians,266,390,141832,https://www.fanfiction.net/book/Percy-Jackson-and-the-Olympians/,Percy-Jackson-and-the-Olympians,/s/13604679/1/In-the-Shadows-of-Men,1,1,en
/s/6211676/1/Percy-not-Bianca,Percy-Jackson-and-the-Olympians,259,109,19767,https://www.fanfiction.net/book/Percy-Jackson-and-the-Olympians/,Percy-Jackson-and-the-Olympians,/s/6211676/1/Percy-not-Bianca,1,1,en
/s/13501429/1/Mortal-Friendships,Percy-Jackson-and-the-Olympians,240,153,76290,https://www.fanfiction.net/book/Percy-Jackson-and-the-Olympians/,Percy-Jackson-and-the-Olympians,/s/13501429/1/Mortal-Friendships,1,1,en
/s/11367666/1/Annabeth-s-boarding-tale,Percy-Jackson-and-the-Olympians,239,202,88044,https://www.fanfiction.net/book/Percy-Jackson-and-the-Olympians/,Percy-Jackson-and-the-Olympians,/s/11367666/1/Annabeth-s-boarding-tale,1,1,en
/s/12854596/1/Hold-Tight-and-Pretend-It-s-a-Plan,Percy-Jackson-and-the-Olympians,233,669,118779,https://www.fanfiction.net/book/Percy-Jackson-and-the-Olympians/,Percy-Jackson-and-the-Olympians,/s/12854596/1/Hold-Tight-and-Pretend-It-s-a-Plan,1,1,en
/s/13222981/1/Age-of-the-Damned,Percy-Jackson-and-the-Olympians,233,222,176866,https://www.fanfiction.net/book/Percy-Jackson-and-the-Olympians/,Percy-Jackson-and-the-Olympians,/s/13222981/1/Age-of-the-Damned,1,1,en
/s/13605692/1/Going-Viral,Percy-Jackson-and-the-Olympians,224,150,83613,https://www.fanfiction.net/book/Percy-Jackson-and-the-Olympians/,Percy-Jackson-and-the-Olympians,/s/13605692/1/Going-Viral,1,1,en
/s/13594844/1/The-Rise-Of-Night,Percy-Jackson-and-the-Olympians,212,223,56749,https://www.fanfiction.net/book/Percy-Jackson-and-the-Olympians/,Percy-Jackson-and-the-Olympians,/s/13594844/1/The-Rise-Of-Night,1,1,en
/s/12520468/1/MEDITERRANEAN,Percy-Jackson-and-the-Olympians,192,211,93052,https://www.fanfiction.net/book/Percy-Jackson-and-the-Olympians/,Percy-Jackson-and-the-Olympians,/s/12520468/1/MEDITERRANEAN,1,1,en
/s/6073436/1/The-Gods-Visit-to-Camp-Half-Blood,Percy-Jackson-and-the-Olympians,191,147,38313,https://www.fanfiction.net/book/Percy-Jackson-and-the-Olympians/,Percy-Jackson-and-the-Olympians,/s/6073436/1/The-Gods-Visit-to-Camp-Half-Blood,1,1,en
/s/12395015/1/Andy-Jackson-World-of-Sea-and-Sky,Percy-Jackson-and-the-Olympians,163,185,195004,https://www.fanfiction.net/book/Percy-Jackson-and-the-Olympians/,Percy-Jackson-and-the-Olympians,/s/12395015/1/Andy-Jackson-World-of-Sea-and-Sky,1,1,en
/s/13634524/1/Demigods-and-Olympians-read-the-Greek-gods,Percy-Jackson-and-the-Olympians,161,227,179213,https://www.fanfiction.net/book/Percy-Jackson-and-the-Olympians/,Percy-Jackson-and-the-Olympians,/s/13634524/1/Demigods-and-Olympians-read-the-Greek-gods,1,1,en
/s/13299614/1/Adapting-to-the-Fall,Percy-Jackson-and-the-Olympians,157,333,224079,https://www.fanfiction.net/book/Percy-Jackson-and-the-Olympians/,Percy-Jackson-and-the-Olympians,/s/13299614/1/Adapting-to-the-Fall,1,1,en
/s/13544749/1/Pride-and-Perseus,Percy-Jackson-and-the-Olympians,154,113,105439,https://www.fanfiction.net/book/Percy-Jackson-and-the-Olympians/,Percy-Jackson-and-the-Olympians,/s/13544749/1/Pride-and-Perseus,1,1,en
/s/10354395/1/Return-of-the-Guardian,Percy-Jackson-and-the-Olympians,152,505,47882,https://www.fanfiction.net/book/Percy-Jackson-and-the-Olympians/,Percy-Jackson-and-the-Olympians,/s/10354395/1/Return-of-the-Guardian,1,1,en
/s/12153589/1/A-Hero-s-Fate,Percy-Jackson-and-the-Olympians,150,238,102782,https://www.fanfiction.net/book/Percy-Jackson-and-the-Olympians/,Percy-Jackson-and-the-Olympians,/s/12153589/1/A-Hero-s-Fate,1,1,en
/s/11198274/1/Andy-Jackson-Child-of-Land-and-Sea,Percy-Jackson-and-the-Olympians,141,314,151517,https://www.fanfiction.net/book/Percy-Jackson-and-the-Olympians/,Percy-Jackson-and-the-Olympians,/s/11198274/1/Andy-Jackson-Child-of-Land-and-Sea,1,1,en
/s/13439290/1/Knelt-By-Her-Notebook,Percy-Jackson-and-the-Olympians,137,162,39296,https://www.fanfiction.net/book/Percy-Jackson-and-the-Olympians/,Percy-Jackson-and-the-Olympians,/s/13439290/1/Knelt-By-Her-Notebook,1,1,en
/s/13557055/1/Aubade,Percy-Jackson-and-the-Olympians,119,109,85895,https://www.fanfiction.net/book/Percy-Jackson-and-the-Olympians/,Percy-Jackson-and-the-Olympians,/s/13557055/1/Aubade,1,1,en
/s/13524946/1/Sonder,Percy-Jackson-and-the-Olympians,115,112,79864,https://www.fanfiction.net/book/Percy-Jackson-and-the-Olympians/,Percy-Jackson-and-the-Olympians,/s/13524946/1/Sonder,1,1,en
/s/13647295/1/What-The-High-Tides-May-Bring,Percy-Jackson-and-the-Olympians,114,133,110839,https://www.fanfiction.net/book/Percy-Jackson-and-the-Olympians/,Percy-Jackson-and-the-Olympians,/s/13647295/1/What-The-High-Tides-May-Bring,1,1,en
/s/5730645/1/The-Wolf-and-His-Girl,Twilight,2810,2192,300443,https://www.fanfiction.net/book/Twilight/,Twilight,/s/5730645/1/The-Wolf-and-His-Girl,1,0,en
/s/4786790/1/Heartbreak-and-Harvard,Twilight,2025,1388,122032,https://www.fanfiction.net/book/Twilight/,Twilight,/s/4786790/1/Heartbreak-and-Harvard,1,1,en
/s/4777477/1/Return-to-Me,Twilight,1720,1505,122825,https://www.fanfiction.net/book/Twilight/,Twilight,/s/4777477/1/Return-to-Me,1,1,en
/s/9949803/1/Stupid-Volvo-Owner,Twilight,1677,765,200528,https://www.fanfiction.net/book/Twilight/,Twilight,/s/9949803/1/Stupid-Volvo-Owner,1,1,en
/s/13211838/1/d%C3%B3ttir,Twilight,1617,399,95224,https://www.fanfiction.net/book/Twilight/,Twilight,/s/13211838/1/d%C3%B3ttir,1,1,en
/s/4568315/1/A-Whole-New-World,Twilight,1436,685,144959,https://www.fanfiction.net/book/Twilight/,Twilight,/s/4568315/1/A-Whole-New-World,1,1,en
/s/4815127/1/The-Illusion-of-Sanity,Twilight,1381,501,206875,https://www.fanfiction.net/book/Twilight/,Twilight,/s/4815127/1/The-Illusion-of-Sanity,1,1,en
/s/4452503/1/My-Notebook-Will-Explain,Twilight,1245,900,74777,https://www.fanfiction.net/book/Twilight/,Twilight,/s/4452503/1/My-Notebook-Will-Explain,1,1,en
/s/13452727/1/A-Christmas-Wish,Twilight,1219,358,238162,https://www.fanfiction.net/book/Twilight/,Twilight,/s/13452727/1/A-Christmas-Wish,1,1,en
/s/13165822/1/Vacation-Town,Twilight,1092,450,35781,https://www.fanfiction.net/book/Twilight/,Twilight,/s/13165822/1/Vacation-Town,1,1,en
/s/10675724/1/Cullen-Ups-and-Downs,Twilight,1019,151,274703,https://www.fanfiction.net/book/Twilight/,Twilight,/s/10675724/1/Cullen-Ups-and-Downs,1,1,en
/s/8429307/1/Love-in-a-Photograph,Twilight,976,553,94394,https://www.fanfiction.net/book/Twilight/,Twilight,/s/8429307/1/Love-in-a-Photograph,1,1,en
/s/3399947/1/Royal-Sun,Twilight,866,857,34919,https://www.fanfiction.net/book/Twilight/,Twilight,/s/3399947/1/Royal-Sun,1,1,en
/s/5243852/1/Pain-on-Pain,Twilight,830,867,27544,https://www.fanfiction.net/book/Twilight/,Twilight,/s/5243852/1/Pain-on-Pain,1,1,en
/s/12989081/1/The-Rabbit-Meets-the-Magic-Stick,Twilight,801,605,85764,https://www.fanfiction.net/book/Twilight/,Twilight,/s/12989081/1/The-Rabbit-Meets-the-Magic-Stick,1,1,en
/s/5652887/1/The-Story-Of-Sarelle,Twilight,719,531,267437,https://www.fanfiction.net/book/Twilight/,Twilight,/s/5652887/1/The-Story-Of-Sarelle,1,1,en
/s/13129669/1/Forward-To-The-Future,Twilight,718,366,272338,https://www.fanfiction.net/book/Twilight/,Twilight,/s/13129669/1/Forward-To-The-Future,1,1,en
/s/13415248/1/Does-My-Ass-Look-Too-Big-in-these-Jeans,Twilight,681,314,44148,https://www.fanfiction.net/book/Twilight/,Twilight,/s/13415248/1/Does-My-Ass-Look-Too-Big-in-these-Jeans,1,1,en
/s/13046958/1/A-Tangled-Web,Twilight,672,374,139629,https://www.fanfiction.net/book/Twilight/,Twilight,/s/13046958/1/A-Tangled-Web,1,1,en
/s/4647098/1/You-Are-Mine,Twilight,671,612,22099,https://www.fanfiction.net/book/Twilight/,Twilight,/s/4647098/1/You-Are-Mine,1,1,en
/s/6579667/1/Aphrodite-s-Temptation,Twilight,671,195,208998,https://www.fanfiction.net/book/Twilight/,Twilight,/s/6579667/1/Aphrodite-s-Temptation,1,1,en
/s/4415654/1/My-Godsisters-Cousin,Twilight,662,419,28553,https://www.fanfiction.net/book/Twilight/,Twilight,/s/4415654/1/My-Godsisters-Cousin,1,1,en
/s/12607374/1/R-A-V-A-G-E,Twilight,644,1170,137151,https://www.fanfiction.net/book/Twilight/,Twilight,/s/12607374/1/R-A-V-A-G-E,1,1,en
/s/4563252/1/Guardian-of-My-Heart,Twilight,632,512,67195,https://www.fanfiction.net/book/Twilight/,Twilight,/s/4563252/1/Guardian-of-My-Heart,1,1,en
/s/8732243/1/Our-Instant-Connection,Twilight,623,451,74138,https://www.fanfiction.net/book/Twilight/,Twilight,/s/8732243/1/Our-Instant-Connection,1,1,en
/s/5185045/1/Breaking-Day,Twilight,614,170,68908,https://www.fanfiction.net/book/Twilight/,Twilight,/s/5185045/1/Breaking-Day,1,1,en
/s/10379088/1/The-Life-of-a-Phoenix,Twilight,610,816,240861,https://www.fanfiction.net/book/Twilight/,Twilight,/s/10379088/1/The-Life-of-a-Phoenix,1,1,en
/s/13064259/1/Bear,Twilight,603,434,41870,https://www.fanfiction.net/book/Twilight/,Twilight,/s/13064259/1/Bear,1,1,en
/s/12932733/1/Preciosa,Twilight,592,1450,176330,https://www.fanfiction.net/book/Twilight/,Twilight,/s/12932733/1/Preciosa,1,1,en
/s/13516543/1/My-son-s-teacher,Twilight,579,217,158403,https://www.fanfiction.net/book/Twilight/,Twilight,/s/13516543/1/My-son-s-teacher,1,1,en
/s/4877370/1/Don-t-Let-Me-Go,Twilight,577,554,24618,https://www.fanfiction.net/book/Twilight/,Twilight,/s/4877370/1/Don-t-Let-Me-Go,1,1,en
/s/4503770/1/Trouble-With-Renesmee,Twilight,563,216,30434,https://www.fanfiction.net/book/Twilight/,Twilight,/s/4503770/1/Trouble-With-Renesmee,1,1,en
/s/4846622/1/Tortured,Twilight,543,234,44560,https://www.fanfiction.net/book/Twilight/,Twilight,/s/4846622/1/Tortured,1,1,en
/s/5001243/1/Death-s-Sweet-Touch,Twilight,541,183,64584,https://www.fanfiction.net/book/Twilight/,Twilight,/s/5001243/1/Death-s-Sweet-Touch,1,1,en
/s/13642319/1/It-was-just-a-favor,Twilight,531,280,177990,https://www.fanfiction.net/book/Twilight/,Twilight,/s/13642319/1/It-was-just-a-favor,1,1,en
/s/4992870/1/Last-Light,Twilight,498,140,86463,https://www.fanfiction.net/book/Twilight/,Twilight,/s/4992870/1/Last-Light,1,1,en
/s/7185864/1/Remember-Me,Twilight,488,766,56055,https://www.fanfiction.net/book/Twilight/,Twilight,/s/7185864/1/Remember-Me,1,1,en
/s/13455328/1/Oh-Reindeer,Twilight,474,196,21778,https://www.fanfiction.net/book/Twilight/,Twilight,/s/13455328/1/Oh-Reindeer,1,1,en
/s/4579882/1/A-Slave-of-Love,Twilight,468,288,39418,https://www.fanfiction.net/book/Twilight/,Twilight,/s/4579882/1/A-Slave-of-Love,1,1,en
/s/13397404/1/Makes-You-Feel,Twilight,467,115,64574,https://www.fanfiction.net/book/Twilight/,Twilight,/s/13397404/1/Makes-You-Feel,1,1,en
/s/4992066/1/Midnight-Sun-Continuation,Twilight,465,391,118671,https://www.fanfiction.net/book/Twilight/,Twilight,/s/4992066/1/Midnight-Sun-Continuation,1,1,en
/s/6739233/1/Vocalise,Twilight,464,650,89106,https://www.fanfiction.net/book/Twilight/,Twilight,/s/6739233/1/Vocalise,1,1,en
/s/4975390/1/How-to-lose-a-vampire-in-10-days,Twilight,461,224,26741,https://www.fanfiction.net/book/Twilight/,Twilight,/s/4975390/1/How-to-lose-a-vampire-in-10-days,1,1,en
/s/13156287/1/From-the-Ashes-of-Broken-Dreams,Twilight,447,321,125609,https://www.fanfiction.net/book/Twilight/,Twilight,/s/13156287/1/From-the-Ashes-of-Broken-Dreams,1,1,en
/s/4833869/1/Another-Heartbreak,Twilight,447,244,41911,https://www.fanfiction.net/book/Twilight/,Twilight,/s/4833869/1/Another-Heartbreak,1,1,en
/s/4717055/1/Just-take-me-away,Twilight,446,170,22186,https://www.fanfiction.net/book/Twilight/,Twilight,/s/4717055/1/Just-take-me-away,1,1,en
/s/13225327/1/The-Future-is-not-written-in-Stone,Twilight,431,496,85613,https://www.fanfiction.net/book/Twilight/,Twilight,/s/13225327/1/The-Future-is-not-written-in-Stone,1,1,en
/s/13578143/1/The-aftermaths-of-a-bite,Twilight,430,535,97577,https://www.fanfiction.net/book/Twilight/,Twilight,/s/13578143/1/The-aftermaths-of-a-bite,1,1,en
/s/13374505/1/The-twist-and-turns-in-a-simple-life,Twilight,424,186,204573,https://www.fanfiction.net/book/Twilight/,Twilight,/s/13374505/1/The-twist-and-turns-in-a-simple-life,1,1,en
/s/12795152/1/Child-of-Fire,Twilight,414,652,90203,https://www.fanfiction.net/book/Twilight/,Twilight,/s/12795152/1/Child-of-Fire,1,1,en
/s/6734529/1/The-Story-Of-Sarelle-The-Immortal-Years,Twilight,414,277,186133,https://www.fanfiction.net/book/Twilight/,Twilight,/s/6734529/1/The-Story-Of-Sarelle-The-Immortal-Years,1,1,en
/s/13117792/1/Part-of-the-Pack,Twilight,412,423,81987,https://www.fanfiction.net/book/Twilight/,Twilight,/s/13117792/1/Part-of-the-Pack,1,1,en
/s/4824176/1/Cold-Moon,Twilight,405,367,64078,https://www.fanfiction.net/book/Twilight/,Twilight,/s/4824176/1/Cold-Moon,1,1,en
/s/4769589/1/Click-Your-Heels-And-Wish-For-Me,Twilight,387,291,32221,https://www.fanfiction.net/book/Twilight/,Twilight,/s/4769589/1/Click-Your-Heels-And-Wish-For-Me,1,1,en
/s/5103355/1/Crush,Twilight,379,250,28112,https://www.fanfiction.net/book/Twilight/,Twilight,/s/5103355/1/Crush,1,1,en
/s/12754347/1/A-Scent-I-Love,Twilight,354,905,47617,https://www.fanfiction.net/book/Twilight/,Twilight,/s/12754347/1/A-Scent-I-Love,1,1,en
/s/4988100/1/Taming-the-Lion,Twilight,354,665,68877,https://www.fanfiction.net/book/Twilight/,Twilight,/s/4988100/1/Taming-the-Lion,1,1,en
/s/5089190/1/Life-After-Forks,Twilight,352,302,85805,https://www.fanfiction.net/book/Twilight/,Twilight,/s/5089190/1/Life-After-Forks,1,1,en
/s/4214173/1/Mr-and-Mrs-Cullen,Twilight,351,211,36780,https://www.fanfiction.net/book/Twilight/,Twilight,/s/4214173/1/Mr-and-Mrs-Cullen,1,1,en
/s/12250910/1/Finding-You,Twilight,343,208,129980,https://www.fanfiction.net/book/Twilight/,Twilight,/s/12250910/1/Finding-You,1,1,en
/s/5921089/1/Juliet-s-Path,Twilight,341,734,49229,https://www.fanfiction.net/book/Twilight/,Twilight,/s/5921089/1/Juliet-s-Path,1,1,en
/s/5119520/1/Bullied-into-Love,Twilight,329,134,39246,https://www.fanfiction.net/book/Twilight/,Twilight,/s/5119520/1/Bullied-into-Love,1,1,en
/s/10379945/1/Falling-Skies,Twilight,327,670,63616,https://www.fanfiction.net/book/Twilight/,Twilight,/s/10379945/1/Falling-Skies,1,1,en
/s/5900267/1/A-Very-Underestimated-Emotion,Twilight,322,289,159242,https://www.fanfiction.net/book/Twilight/,Twilight,/s/5900267/1/A-Very-Underestimated-Emotion,1,1,en
/s/10441968/1/Catching-a-Glimpse,Twilight,322,104,130878,https://www.fanfiction.net/book/Twilight/,Twilight,/s/10441968/1/Catching-a-Glimpse,1,1,en
/s/13688227/1/Caught-Somewhere-In-Time,Twilight,317,375,17515,https://www.fanfiction.net/book/Twilight/,Twilight,/s/13688227/1/Caught-Somewhere-In-Time,1,1,en
/s/12868909/1/Twilight-Saga-My-Best-Friend,Twilight,316,481,179049,https://www.fanfiction.net/book/Twilight/,Twilight,/s/12868909/1/Twilight-Saga-My-Best-Friend,1,1,en
/s/10567635/1/Fates-second-chance,Twilight,309,680,30789,https://www.fanfiction.net/book/Twilight/,Twilight,/s/10567635/1/Fates-second-chance,1,1,en
/s/4537511/1/A-Famous-Secret,Twilight,308,314,28163,https://www.fanfiction.net/book/Twilight/,Twilight,/s/4537511/1/A-Famous-Secret,1,1,en
/s/11737873/1/The-Female-Alpha-Complete,Twilight,304,348,121072,https://www.fanfiction.net/book/Twilight/,Twilight,/s/11737873/1/The-Female-Alpha-Complete,1,1,en
/s/12959095/1/Call-of-the-Night,Twilight,304,106,275135,https://www.fanfiction.net/book/Twilight/,Twilight,/s/12959095/1/Call-of-the-Night,1,1,en
/s/4924069/1/Drama,Twilight,303,197,25657,https://www.fanfiction.net/book/Twilight/,Twilight,/s/4924069/1/Drama,1,1,en
/s/4963867/1/Farris-Wheel-Love,Twilight,293,335,56255,https://www.fanfiction.net/book/Twilight/,Twilight,/s/4963867/1/Farris-Wheel-Love,1,1,en
/s/12828546/1/In-Time-I-Will-Catch-You,Twilight,291,228,125612,https://www.fanfiction.net/book/Twilight/,Twilight,/s/12828546/1/In-Time-I-Will-Catch-You,1,1,en
/s/4912899/1/A-miracle,Twilight,290,287,19750,https://www.fanfiction.net/book/Twilight/,Twilight,/s/4912899/1/A-miracle,1,1,en
/s/4910956/1/An-Unlikely-Pair,Twilight,286,142,89142,https://www.fanfiction.net/book/Twilight/,Twilight,/s/4910956/1/An-Unlikely-Pair,1,1,en
/s/7628534/1/2-is-Better,Twilight,285,193,62587,https://www.fanfiction.net/book/Twilight/,Twilight,/s/7628534/1/2-is-Better,1,1,en
/s/4821393/1/PS-I-Love-You,Twilight,278,408,38831,https://www.fanfiction.net/book/Twilight/,Twilight,/s/4821393/1/PS-I-Love-You,1,1,en
/s/12772054/1/superextra,Twilight,278,151,22281,https://www.fanfiction.net/book/Twilight/,Twilight,/s/12772054/1/superextra,1,1,en
/s/4667668/1/Without-You,Twilight,274,256,57474,https://www.fanfiction.net/book/Twilight/,Twilight,/s/4667668/1/Without-You,1,1,en
/s/13273403/1/The-Enigma-named-Imprinting,Twilight,274,179,133337,https://www.fanfiction.net/book/Twilight/,Twilight,/s/13273403/1/The-Enigma-named-Imprinting,1,1,en
/s/4987486/1/Thinking-Of-You,Twilight,257,230,45826,https://www.fanfiction.net/book/Twilight/,Twilight,/s/4987486/1/Thinking-Of-You,1,1,en
/s/13492491/1/Accidentally-on-Purpose-I-Fell-in-Love-with-You,Twilight,250,557,55926,https://www.fanfiction.net/book/Twilight/,Twilight,/s/13492491/1/Accidentally-on-Purpose-I-Fell-in-Love-with-You,1,1,en
/s/4839050/1/Kryptonite-Thy-Name-is-Wolf,Twilight,245,231,31336,https://www.fanfiction.net/book/Twilight/,Twilight,/s/4839050/1/Kryptonite-Thy-Name-is-Wolf,1,1,en
/s/5116631/1/Down-the-Road,Twilight,239,333,44143,https://www.fanfiction.net/book/Twilight/,Twilight,/s/5116631/1/Down-the-Road,1,1,en
/s/13259138/1/Twilight-The-Bloodmoon,Twilight,237,185,163660,https://www.fanfiction.net/book/Twilight/,Twilight,/s/13259138/1/Twilight-The-Bloodmoon,1,1,en
/s/13093500/1/Rekindling-What-s-Meant-to-Be,Twilight,236,121,65204,https://www.fanfiction.net/book/Twilight/,Twilight,/s/13093500/1/Rekindling-What-s-Meant-to-Be,1,1,en
/s/13531083/1/Outbreak-2020,Twilight,235,101,42565,https://www.fanfiction.net/book/Twilight/,Twilight,/s/13531083/1/Outbreak-2020,1,1,en
/s/12470005/1/Grown-Up,Twilight,227,177,87815,https://www.fanfiction.net/book/Twilight/,Twilight,/s/12470005/1/Grown-Up,1,1,en
/s/13183030/1/Prom,Twilight,227,121,22010,https://www.fanfiction.net/book/Twilight/,Twilight,/s/13183030/1/Prom,1,1,en
/s/4211479/1/Second-Chance,Twilight,223,127,70624,https://www.fanfiction.net/book/Twilight/,Twilight,/s/4211479/1/Second-Chance,1,1,en
/s/13592368/1/The-Golden-Eyed-Menace,Twilight,217,468,50822,https://www.fanfiction.net/book/Twilight/,Twilight,/s/13592368/1/The-Golden-Eyed-Menace,1,1,en
/s/13058326/1/every-second-of-every-hour,Twilight,215,644,53178,https://www.fanfiction.net/book/Twilight/,Twilight,/s/13058326/1/every-second-of-every-hour,1,1,en
/s/12286946/1/The-Right-Swan-Edward-Cullen-LS,Twilight,210,389,64245,https://www.fanfiction.net/book/Twilight/,Twilight,/s/12286946/1/The-Right-Swan-Edward-Cullen-LS,1,1,en
/s/7851829/1/Embracing-Fate,Twilight,207,266,42320,https://www.fanfiction.net/book/Twilight/,Twilight,/s/7851829/1/Embracing-Fate,1,0,en
/s/13323873/1/But-why-am-I-Jessica,Twilight,202,338,100135,https://www.fanfiction.net/book/Twilight/,Twilight,/s/13323873/1/But-why-am-I-Jessica,1,1,en
/s/13148480/1/It-Was-Always-You,Twilight,201,613,30489,https://www.fanfiction.net/book/Twilight/,Twilight,/s/13148480/1/It-Was-Always-You,1,1,en
/s/13227102/1/Total-Eclipse-of-the-Heart,Twilight,200,778,43691,https://www.fanfiction.net/book/Twilight/,Twilight,/s/13227102/1/Total-Eclipse-of-the-Heart,1,1,en
/s/10869807/1/Memories-Of-Me,Twilight,193,179,69954,https://www.fanfiction.net/book/Twilight/,Twilight,/s/10869807/1/Memories-Of-Me,1,1,en
/s/5646799/1/Fall-Through-The-Stars,Twilight,190,213,161573,https://www.fanfiction.net/book/Twilight/,Twilight,/s/5646799/1/Fall-Through-The-Stars,1,1,en
/s/6365073/1/Legends,Twilight,187,261,54893,https://www.fanfiction.net/book/Twilight/,Twilight,/s/6365073/1/Legends,1,1,en
/s/12750929/1/A-New-Life-Begins,Twilight,184,183,124541,https://www.fanfiction.net/book/Twilight/,Twilight,/s/12750929/1/A-New-Life-Begins,1,1,en
/s/5027684/1/Swan-Boot-Camp,Twilight,181,164,34543,https://www.fanfiction.net/book/Twilight/,Twilight,/s/5027684/1/Swan-Boot-Camp,1,1,en
/s/12754683/1/The-Taxi-Ride,Twilight,180,292,80160,https://www.fanfiction.net/book/Twilight/,Twilight,/s/12754683/1/The-Taxi-Ride,1,1,en
/s/4973588/1/My-Life-Would-Suck-Without-You,Twilight,177,151,64797,https://www.fanfiction.net/book/Twilight/,Twilight,/s/4973588/1/My-Life-Would-Suck-Without-You,1,1,en
/s/5175553/1/Save-Me,Twilight,176,113,39477,https://www.fanfiction.net/book/Twilight/,Twilight,/s/5175553/1/Save-Me,1,1,en
/s/13378204/1/Jessica-s-Happily-Ever-After,Twilight,168,104,72115,https://www.fanfiction.net/book/Twilight/,Twilight,/s/13378204/1/Jessica-s-Happily-Ever-After,1,1,en
/s/5226465/1/Back-Again,Twilight,167,141,15702,https://www.fanfiction.net/book/Twilight/,Twilight,/s/5226465/1/Back-Again,1,1,en
/s/5472888/1/Belonging,Twilight,165,164,91251,https://www.fanfiction.net/book/Twilight/,Twilight,/s/5472888/1/Belonging,1,1,en
/s/9097248/1/Always-Yours,Twilight,165,155,44373,https://www.fanfiction.net/book/Twilight/,Twilight,/s/9097248/1/Always-Yours,1,1,en
/s/5079163/1/Alone,Twilight,160,117,17670,https://www.fanfiction.net/book/Twilight/,Twilight,/s/5079163/1/Alone,1,1,en
/s/10672809/1/Second-Meeting,Twilight,160,101,57760,https://www.fanfiction.net/book/Twilight/,Twilight,/s/10672809/1/Second-Meeting,1,1,en
/s/12910856/1/His-Equal,Twilight,158,450,55376,https://www.fanfiction.net/book/Twilight/,Twilight,/s/12910856/1/His-Equal,1,1,en
/s/7127656/1/Lightning-Crashes,Twilight,157,141,121997,https://www.fanfiction.net/book/Twilight/,Twilight,/s/7127656/1/Lightning-Crashes,1,1,en
/s/11964347/1/Sunshine-Again,Twilight,155,275,133422,https://www.fanfiction.net/book/Twilight/,Twilight,/s/11964347/1/Sunshine-Again,1,1,en
/s/12628289/1/Echo,Twilight,150,643,44873,https://www.fanfiction.net/book/Twilight/,Twilight,/s/12628289/1/Echo,1,1,en
/s/5139534/1/Geek-Love-Edward-s-Story,Twilight,149,217,41419,https://www.fanfiction.net/book/Twilight/,Twilight,/s/5139534/1/Geek-Love-Edward-s-Story,1,1,en
/s/13047120/1/Secrets-in-Life,Twilight,147,127,22951,https://www.fanfiction.net/book/Twilight/,Twilight,/s/13047120/1/Secrets-in-Life,1,1,en
/s/12585837/1/A-Bad-Deal,Twilight,144,194,63896,https://www.fanfiction.net/book/Twilight/,Twilight,/s/12585837/1/A-Bad-Deal,1,1,en
/s/6643858/1/One-Of-Them,Twilight,144,182,20255,https://www.fanfiction.net/book/Twilight/,Twilight,/s/6643858/1/One-Of-Them,1,1,en
/s/5423997/1/The-Witches-of-Forks,Twilight,141,276,58413,https://www.fanfiction.net/book/Twilight/,Twilight,/s/5423997/1/The-Witches-of-Forks,1,1,en
/s/9557271/1/Intrinsic-Fascination,Twilight,140,341,129254,https://www.fanfiction.net/book/Twilight/,Twilight,/s/9557271/1/Intrinsic-Fascination,1,1,en
/s/10955783/1/Rook,Twilight,140,137,46874,https://www.fanfiction.net/book/Twilight/,Twilight,/s/10955783/1/Rook,1,1,en
/s/10186455/1/Dark-Skies,Twilight,138,526,59993,https://www.fanfiction.net/book/Twilight/,Twilight,/s/10186455/1/Dark-Skies,1,1,en
/s/13498206/1/To-Love-Again,Twilight,135,265,23265,https://www.fanfiction.net/book/Twilight/,Twilight,/s/13498206/1/To-Love-Again,1,1,en
/s/12928785/1/Midnight-Sun-Reimagined,Twilight,135,145,176651,https://www.fanfiction.net/book/Twilight/,Twilight,/s/12928785/1/Midnight-Sun-Reimagined,1,1,en
/s/7937722/1/Secrets,Twilight,128,120,101443,https://www.fanfiction.net/book/Twilight/,Twilight,/s/7937722/1/Secrets,1,1,en
/s/13350550/1/Twilight-With-A-Twist,Twilight,124,212,88293,https://www.fanfiction.net/book/Twilight/,Twilight,/s/13350550/1/Twilight-With-A-Twist,1,1,en
/s/13198010/1/Sanctuary,Twilight,123,264,14810,https://www.fanfiction.net/book/Twilight/,Twilight,/s/13198010/1/Sanctuary,1,1,en
/s/13436014/1/Mortality,Twilight,121,104,108520,https://www.fanfiction.net/book/Twilight/,Twilight,/s/13436014/1/Mortality,1,1,en
/s/13360689/1/1933,Twilight,119,192,51607,https://www.fanfiction.net/book/Twilight/,Twilight,/s/13360689/1/1933,1,1,en
/s/5779227/1/A-Gift-for-All-Eternity,Twilight,119,107,58549,https://www.fanfiction.net/book/Twilight/,Twilight,/s/5779227/1/A-Gift-for-All-Eternity,1,1,en
/s/13384835/1/Devil-s-Playground,Twilight,118,234,103302,https://www.fanfiction.net/book/Twilight/,Twilight,/s/13384835/1/Devil-s-Playground,1,1,en
/s/5183839/1/Marked-for-life,Twilight,115,295,38620,https://www.fanfiction.net/book/Twilight/,Twilight,/s/5183839/1/Marked-for-life,1,1,en
/s/4766432/1/Thoroughly-Modern-Bella,Twilight,113,120,25471,https://www.fanfiction.net/book/Twilight/,Twilight,/s/4766432/1/Thoroughly-Modern-Bella,1,1,en
/s/5587185/1/Shooting-The-Moon,Twilight,111,276,85698,https://www.fanfiction.net/book/Twilight/,Twilight,/s/5587185/1/Shooting-The-Moon,1,1,en
/s/11868411/1/Heart-turned-dark,Twilight,106,122,22896,https://www.fanfiction.net/book/Twilight/,Twilight,/s/11868411/1/Heart-turned-dark,1,1,en
/s/12162596/1/From-Dusk,Twilight,105,233,73992,https://www.fanfiction.net/book/Twilight/,Twilight,/s/12162596/1/From-Dusk,1,1,en
/s/13502954/1/What-If,Twilight,105,111,191395,https://www.fanfiction.net/book/Twilight/,Twilight,/s/13502954/1/What-If,1,1,en
/s/7777490/1/Friendship,Twilight,101,116,45021,https://www.fanfiction.net/book/Twilight/,Twilight,/s/7777490/1/Friendship,1,1,en
